{"cameraMode":{"drawMode":0,"name":"Shaded","section":"Shading Mode"},"sceneLighting":false,"audioPlay":false,"sceneViewState":{"m_AlwaysRefresh":false,"showFog":true,"showSkybox":false,"showFlares":true,"showImageEffects":true,"showParticleSystems":true,"showVisualEffectGraphs":true,"m_FxEnabled":true},"in2DMode":false,"pivot":{"x":3.31836199760437,"y":0.9681038856506348,"z":-11.75269603729248},"rotation":{"x":-0.10049577802419663,"y":-0.053106967359781268,"z":0.005371977109462023,"w":-0.9935067296028137},"size":1.0000622272491456,"orthographic":false}