{"cameraMode":{"drawMode":0,"name":"Shaded","section":"Shading Mode"},"sceneLighting":true,"audioPlay":false,"sceneViewState":{"showFog":true,"showMaterialUpdate":false,"showSkybox":true,"showFlares":true,"showImageEffects":true,"showParticleSystems":true},"in2DMode":false,"pivot":{"x":-0.6452670097351074,"y":0.9449241161346436,"z":-0.14491844177246095},"rotation":{"x":-0.05371430143713951,"y":0.9358074069023132,"z":-0.1633458137512207,"w":-0.3077288866043091},"size":5.156922340393066,"orthographic":false}