{"cameraMode":{"drawMode":0,"name":"Shaded","section":"Shading Mode"},"sceneLighting":true,"audioPlay":false,"sceneViewState":{"m_AlwaysRefresh":false,"showFog":true,"showSkybox":true,"showFlares":true,"showImageEffects":true,"showParticleSystems":true,"showVisualEffectGraphs":true,"m_FxEnabled":true},"in2DMode":false,"pivot":{"x":22.252471923828126,"y":3.0447635650634767,"z":-10.040677070617676},"rotation":{"x":0.0026947245933115484,"y":-0.7639480233192444,"z":-0.0032078430522233249,"w":-0.6452817320823669},"size":20.524208068847658,"orthographic":false}