{"cameraMode":{"drawMode":0,"name":"Shaded","section":"Shading Mode"},"sceneLighting":true,"audioPlay":false,"sceneViewState":{"m_AlwaysRefresh":false,"showFog":true,"showSkybox":true,"showFlares":true,"showImageEffects":true,"showParticleSystems":true,"showVisualEffectGraphs":true,"m_FxEnabled":true},"in2DMode":false,"pivot":{"x":19.859500885009767,"y":10.820755004882813,"z":46.11130905151367},"rotation":{"x":0.08818832784891129,"y":0.20852984488010407,"z":-0.018887370824813844,"w":0.9738593697547913},"size":33.61439895629883,"orthographic":false}