{"cameraMode":{"drawMode":0,"name":"Shaded","section":"Shading Mode"},"sceneLighting":true,"audioPlay":false,"sceneViewState":{"m_AlwaysRefresh":false,"showFog":true,"showSkybox":true,"showFlares":true,"showImageEffects":true,"showParticleSystems":true,"showVisualEffectGraphs":true,"m_FxEnabled":true},"in2DMode":false,"pivot":{"x":48.018619537353519,"y":-48.691078186035159,"z":-103.87035369873047},"rotation":{"x":-0.040951408445835116,"y":-0.9585179686546326,"z":0.2151584029197693,"w":-0.18243198096752168},"size":63.26866912841797,"orthographic":false}