{"cameraMode":{"drawMode":0,"name":"Shaded","section":"Shading Mode"},"sceneLighting":true,"audioPlay":false,"sceneViewState":{"m_AlwaysRefresh":false,"showFog":true,"showSkybox":true,"showFlares":true,"showImageEffects":true,"showParticleSystems":true,"showVisualEffectGraphs":true,"m_FxEnabled":true},"in2DMode":false,"pivot":{"x":7.1753082275390629,"y":12.611419677734375,"z":222.18043518066407},"rotation":{"x":0.0007911004358902574,"y":0.9987121224403381,"z":0.04797495901584625,"w":-0.016480837017297746},"size":27.262767791748048,"orthographic":false}