{"cameraMode":{"drawMode":0,"name":"Shaded","section":"Shading Mode"},"sceneLighting":true,"audioPlay":false,"sceneViewState":{"m_AlwaysRefresh":false,"showFog":true,"showSkybox":true,"showFlares":true,"showImageEffects":true,"showParticleSystems":true,"showVisualEffectGraphs":true,"m_FxEnabled":true},"in2DMode":false,"pivot":{"x":-14.522491455078125,"y":3.355099678039551,"z":21.850826263427736},"rotation":{"x":0.01378688681870699,"y":0.05695924907922745,"z":-0.0007864102954044938,"w":0.9982826709747315},"size":23.548980712890626,"orthographic":false}