{"cameraMode":{"drawMode":0,"name":"Shaded","section":"Shading Mode"},"sceneLighting":true,"audioPlay":false,"sceneViewState":{"m_AlwaysRefresh":false,"showFog":true,"showSkybox":true,"showFlares":true,"showImageEffects":true,"showParticleSystems":true,"showVisualEffectGraphs":true,"m_FxEnabled":true},"in2DMode":false,"pivot":{"x":9.387592315673829,"y":4.7130231857299809,"z":1.6478195190429688},"rotation":{"x":-0.029270853847265245,"y":-0.9594646096229553,"z":0.10870011150836945,"w":-0.2584034204483032},"size":8.138766288757325,"orthographic":false}