{"cameraMode":{"drawMode":0,"name":"Shaded","section":"Shading Mode"},"sceneLighting":true,"audioPlay":false,"sceneViewState":{"m_AlwaysRefresh":false,"showFog":true,"showSkybox":true,"showFlares":true,"showImageEffects":true,"showParticleSystems":true,"showVisualEffectGraphs":true,"m_FxEnabled":true},"in2DMode":false,"pivot":{"x":20.006757736206056,"y":17.952157974243165,"z":-78.03963470458985},"rotation":{"x":0.0013900395715609193,"y":-0.9984883666038513,"z":0.04586147889494896,"w":0.03025931306183338},"size":60.97257614135742,"orthographic":false}