{"cameraMode":{"drawMode":0,"name":"Shaded","section":"Shading Mode"},"sceneLighting":true,"audioPlay":false,"sceneViewState":{"m_AlwaysRefresh":false,"showFog":true,"showSkybox":true,"showFlares":true,"showImageEffects":true,"showParticleSystems":true,"showVisualEffectGraphs":true,"m_FxEnabled":true},"in2DMode":false,"pivot":{"x":8.620094299316407,"y":-8.567729949951172,"z":59.86752700805664},"rotation":{"x":-0.10049577802419663,"y":-0.053106967359781268,"z":0.005371977109462023,"w":-0.9935067296028137},"size":42.146488189697269,"orthographic":false}