{"cameraMode":{"drawMode":0,"name":"Shaded","section":"Shading Mode"},"sceneLighting":true,"audioPlay":false,"sceneViewState":{"m_AlwaysRefresh":false,"showFog":true,"showSkybox":true,"showFlares":true,"showImageEffects":true,"showParticleSystems":true,"showVisualEffectGraphs":true,"m_FxEnabled":true},"in2DMode":false,"pivot":{"x":-1.8280370235443116,"y":3.3032732009887697,"z":-13.27387523651123},"rotation":{"x":-0.03893502429127693,"y":-0.39036083221435549,"z":0.01652584783732891,"w":-0.9196903109550476},"size":1.2635002136230469,"orthographic":false}