{"cameraMode":{"drawMode":0,"name":"Shaded","section":"Shading Mode"},"sceneLighting":true,"audioPlay":false,"sceneViewState":{"m_AlwaysRefresh":false,"showFog":true,"showSkybox":true,"showFlares":true,"showImageEffects":true,"showParticleSystems":true,"showVisualEffectGraphs":true,"m_FxEnabled":true},"in2DMode":false,"pivot":{"x":-22.81774139404297,"y":12.894011497497559,"z":-67.85577392578125},"rotation":{"x":-0.005131595302373171,"y":0.9553730487823486,"z":-0.016623498871922494,"w":-0.29489177465438845},"size":26.360498428344728,"orthographic":false}