{"cameraMode":{"drawMode":0,"name":"Shaded","section":"Shading Mode"},"sceneLighting":true,"audioPlay":false,"sceneViewState":{"m_AlwaysRefresh":false,"showFog":true,"showSkybox":true,"showFlares":true,"showImageEffects":true,"showParticleSystems":true,"showVisualEffectGraphs":true,"m_FxEnabled":true},"in2DMode":false,"pivot":{"x":28.80853271484375,"y":10.053013801574707,"z":-24.191268920898439},"rotation":{"x":-0.02073437161743641,"y":-0.9340829849243164,"z":0.054998334497213367,"w":-0.35220783948898318},"size":22.9785213470459,"orthographic":false}