{"cameraMode":{"drawMode":0,"name":"Shaded","section":"Shading Mode"},"sceneLighting":true,"audioPlay":false,"sceneViewState":{"m_AlwaysRefresh":false,"showFog":true,"showSkybox":true,"showFlares":true,"showImageEffects":true,"showParticleSystems":true,"showVisualEffectGraphs":true,"m_FxEnabled":true},"in2DMode":false,"pivot":{"x":-16.306276321411134,"y":0.10402202606201172,"z":-13.923904418945313},"rotation":{"x":-0.05815873667597771,"y":0.8684566020965576,"z":-0.1049889475107193,"w":-0.4810357987880707},"size":15.21037769317627,"orthographic":false}