{"cameraMode":{"drawMode":0,"name":"Shaded","section":"Shading Mode"},"sceneLighting":true,"audioPlay":false,"sceneViewState":{"m_AlwaysRefresh":false,"showFog":true,"showSkybox":true,"showFlares":true,"showImageEffects":true,"showParticleSystems":true,"showVisualEffectGraphs":true,"m_FxEnabled":true},"in2DMode":false,"pivot":{"x":26.56771469116211,"y":-0.5930881500244141,"z":-12.360771179199219},"rotation":{"x":-0.048649512231349948,"y":-0.9199173450469971,"z":0.12102513015270233,"w":-0.3697842061519623},"size":16.582290649414064,"orthographic":false}