{"cameraMode":{"drawMode":0,"name":"Shaded","section":"Shading Mode"},"sceneLighting":true,"audioPlay":false,"sceneViewState":{"m_AlwaysRefresh":false,"showFog":true,"showSkybox":true,"showFlares":true,"showImageEffects":true,"showParticleSystems":true,"showVisualEffectGraphs":true,"m_FxEnabled":true},"in2DMode":false,"pivot":{"x":7.387025833129883,"y":0.31790590286254885,"z":14.135936737060547},"rotation":{"x":0.1611533761024475,"y":-0.07333013415336609,"z":0.012005460448563099,"w":0.9841359257698059},"size":9.27330493927002,"orthographic":false}