{"cameraMode":{"drawMode":0,"name":"Shaded","section":"Shading Mode"},"sceneLighting":true,"audioPlay":false,"sceneViewState":{"m_AlwaysRefresh":false,"showFog":true,"showSkybox":true,"showFlares":true,"showImageEffects":true,"showParticleSystems":true,"showVisualEffectGraphs":true,"m_FxEnabled":true},"in2DMode":false,"pivot":{"x":-11.629929542541504,"y":1.6333383321762086,"z":-30.628355026245118},"rotation":{"x":-0.010519672185182572,"y":0.956458568572998,"z":-0.034744199365377429,"w":-0.28960537910461428},"size":11.227124214172364,"orthographic":false}