{"cameraMode":{"drawMode":0,"name":"Shaded","section":"Shading Mode"},"sceneLighting":true,"audioPlay":false,"sceneViewState":{"m_AlwaysRefresh":false,"showFog":true,"showSkybox":true,"showFlares":true,"showImageEffects":true,"showParticleSystems":true,"showVisualEffectGraphs":true,"m_FxEnabled":true},"in2DMode":false,"pivot":{"x":4.614031791687012,"y":5.044197082519531,"z":19.999998092651368},"rotation":{"x":-0.005131595302373171,"y":0.9553730487823486,"z":-0.016623498871922494,"w":-0.29489177465438845},"size":2.3013484477996828,"orthographic":false}