{"cameraMode":{"drawMode":0,"name":"Shaded","section":"Shading Mode"},"sceneLighting":true,"audioPlay":false,"sceneViewState":{"m_AlwaysRefresh":false,"showFog":true,"showSkybox":true,"showFlares":true,"showImageEffects":true,"showParticleSystems":true,"showVisualEffectGraphs":true,"m_FxEnabled":true},"in2DMode":false,"pivot":{"x":18.74966049194336,"y":-1.0899205207824708,"z":53.464332580566409},"rotation":{"x":-0.051041461527347568,"y":-0.09811986237764359,"z":0.005027560517191887,"w":-0.9938624501228333},"size":24.986125946044923,"orthographic":false}