{"cameraMode":{"drawMode":0,"name":"Shaded","section":"Shading Mode"},"sceneLighting":true,"audioPlay":false,"sceneViewState":{"m_AlwaysRefresh":false,"showFog":true,"showSkybox":true,"showFlares":true,"showImageEffects":true,"showParticleSystems":true,"showVisualEffectGraphs":true,"m_FxEnabled":true},"in2DMode":false,"pivot":{"x":-13.405426979064942,"y":9.120803833007813,"z":1.7605791091918946},"rotation":{"x":0.04036586731672287,"y":0.8331089615821838,"z":0.061344247311353686,"w":-0.548211395740509},"size":13.011995315551758,"orthographic":false}