{"cameraMode":{"drawMode":0,"name":"Shaded","section":"Shading Mode"},"sceneLighting":true,"audioPlay":false,"sceneViewState":{"m_AlwaysRefresh":false,"showFog":true,"showSkybox":true,"showFlares":true,"showImageEffects":true,"showParticleSystems":true,"showVisualEffectGraphs":true,"m_FxEnabled":true},"in2DMode":false,"pivot":{"x":-1.6373319625854493,"y":-7.002350330352783,"z":73.33307647705078},"rotation":{"x":0.058762576431035998,"y":0.021272452548146249,"z":-0.001251822104677558,"w":0.9980466961860657},"size":45.23234939575195,"orthographic":false}