{"cameraMode":{"drawMode":0,"name":"Shaded","section":"Shading Mode"},"sceneLighting":true,"audioPlay":false,"sceneViewState":{"m_AlwaysRefresh":false,"showFog":true,"showSkybox":true,"showFlares":true,"showImageEffects":true,"showParticleSystems":true,"showVisualEffectGraphs":true,"m_FxEnabled":true},"in2DMode":false,"pivot":{"x":11.649202346801758,"y":-0.9453511238098145,"z":1.9515925645828248},"rotation":{"x":-0.08072497695684433,"y":-0.7191194295883179,"z":0.08474785089492798,"w":-0.6849647164344788},"size":19.65784454345703,"orthographic":false}