{"cameraMode":{"drawMode":0,"name":"Shaded","section":"Shading Mode"},"sceneLighting":true,"audioPlay":false,"sceneViewState":{"m_AlwaysRefresh":false,"showFog":true,"showSkybox":true,"showFlares":true,"showImageEffects":true,"showParticleSystems":true,"showVisualEffectGraphs":true,"m_FxEnabled":true},"in2DMode":false,"pivot":{"x":-5.699426651000977,"y":1.4752784967422486,"z":-1.2976384162902833},"rotation":{"x":-0.12207570672035217,"y":0.19430018961429597,"z":-0.02437729202210903,"w":-0.9730114340782166},"size":2.4091057777404787,"orthographic":false}