{"cameraMode":{"drawMode":0,"name":"Shaded","section":"Shading Mode"},"sceneLighting":true,"audioPlay":false,"sceneViewState":{"m_AlwaysRefresh":false,"showFog":true,"showSkybox":true,"showFlares":true,"showImageEffects":true,"showParticleSystems":true,"showVisualEffectGraphs":true,"m_FxEnabled":true},"in2DMode":false,"pivot":{"x":-1.018373727798462,"y":2.791752338409424,"z":-10.937582015991211},"rotation":{"x":-0.023311348631978036,"y":-0.5872069001197815,"z":0.016921991482377054,"w":-0.8089272975921631},"size":4.240344047546387,"orthographic":false}