{"cameraMode":{"drawMode":0,"name":"Shaded","section":"Shading Mode"},"sceneLighting":true,"audioPlay":false,"sceneViewState":{"m_AlwaysRefresh":false,"showFog":true,"showSkybox":true,"showFlares":true,"showImageEffects":true,"showParticleSystems":true,"showVisualEffectGraphs":true,"m_FxEnabled":true},"in2DMode":false,"pivot":{"x":12.880281448364258,"y":7.681253433227539,"z":-32.98528289794922},"rotation":{"x":0.006103148218244314,"y":0.980909526348114,"z":-0.031213946640491487,"w":0.19187518954277039},"size":31.276416778564454,"orthographic":false}