{"cameraMode":{"drawMode":0,"name":"Shaded","section":"Shading Mode"},"sceneLighting":false,"audioPlay":false,"sceneViewState":{"m_AlwaysRefresh":false,"showFog":true,"showSkybox":false,"showFlares":true,"showImageEffects":true,"showParticleSystems":true,"showVisualEffectGraphs":true,"m_FxEnabled":true},"in2DMode":false,"pivot":{"x":-19.669002532958986,"y":2.20035719871521,"z":6.578271389007568},"rotation":{"x":-0.0029745677020400764,"y":-0.43847545981407168,"z":0.0014511945191770793,"w":-0.8987395763397217},"size":1.299038052558899,"orthographic":false}