{"cameraMode":{"drawMode":0,"name":"Shaded","section":"Shading Mode"},"sceneLighting":false,"audioPlay":false,"sceneViewState":{"m_AlwaysRefresh":false,"showFog":true,"showSkybox":false,"showFlares":true,"showImageEffects":true,"showParticleSystems":true,"showVisualEffectGraphs":true,"m_FxEnabled":true},"in2DMode":false,"pivot":{"x":-0.42471230030059817,"y":2.1057276725769045,"z":-14.796878814697266},"rotation":{"x":-0.040637094527482989,"y":0.9531096816062927,"z":-0.14874067902565003,"w":-0.2603965997695923},"size":2.3334524631500246,"orthographic":false}