{"cameraMode":{"drawMode":0,"name":"Shaded","section":"Shading Mode"},"sceneLighting":false,"audioPlay":false,"sceneViewState":{"m_AlwaysRefresh":false,"showFog":true,"showSkybox":false,"showFlares":true,"showImageEffects":true,"showParticleSystems":true,"showVisualEffectGraphs":true,"m_FxEnabled":true},"in2DMode":false,"pivot":{"x":-12.066804885864258,"y":5.876040458679199,"z":0.9111442565917969},"rotation":{"x":0.021440377458930017,"y":-0.9524835348129273,"z":0.0689929947257042,"w":0.29592978954315188},"size":3.5660250186920168,"orthographic":false}