{"cameraMode":{"drawMode":0,"name":"Shaded","section":"Shading Mode"},"sceneLighting":false,"audioPlay":false,"sceneViewState":{"m_AlwaysRefresh":false,"showFog":true,"showSkybox":false,"showFlares":true,"showImageEffects":true,"showParticleSystems":true,"showVisualEffectGraphs":true,"m_FxEnabled":true},"in2DMode":false,"pivot":{"x":-3.5383918285369875,"y":0.024968624114990236,"z":5.43552827835083},"rotation":{"x":0.06456223875284195,"y":-0.9233431220054627,"z":0.3337121307849884,"w":0.1786370575428009},"size":3.5338969230651857,"orthographic":false}