{"cameraMode":{"drawMode":0,"name":"Shaded","section":"Shading Mode"},"sceneLighting":false,"audioPlay":false,"sceneViewState":{"m_AlwaysRefresh":false,"showFog":true,"showSkybox":false,"showFlares":true,"showImageEffects":true,"showParticleSystems":true,"showVisualEffectGraphs":true,"m_FxEnabled":true},"in2DMode":false,"pivot":{"x":-1.6006295680999756,"y":0.6770821809768677,"z":-9.06614875793457},"rotation":{"x":-0.10049577802419663,"y":-0.053106967359781268,"z":0.005371977109462023,"w":-0.9935067296028137},"size":0.9782041311264038,"orthographic":false}